{
  "IcoMoonType": "selection",
  "icons": [
    {
      "icon": {
        "paths": [
          "M101.837 286.157c0 76.493 25.549 131.686 75.878 164.096 41.267 26.624 89.088 30.618 113.971 30.618 6.042 0 10.906-0.307 14.285-0.512 0 0-7.885 51.405 30.208 102.195h-1.741c-65.997 0-281.242 13.773-281.242 190.822 0 180.019 197.683 189.184 237.363 189.184 3.123 0 4.966-0.102 4.966-0.102 0.41 0 3.226 0.102 8.090 0.102 25.446 0 91.238-3.174 152.32-32.922 79.258-38.4 119.45-105.421 119.45-198.912 0-90.317-61.235-144.077-105.933-183.398-27.29-24.013-50.893-44.698-50.893-64.819 0-20.48 17.254-35.891 39.014-55.398 35.277-31.488 68.557-76.39 68.557-161.28 0-74.598-9.677-124.723-69.325-156.518 6.195-3.174 28.211-5.478 39.066-7.014 32.307-4.403 79.565-9.421 79.565-35.789v-5.069h-235.469c-2.355 0.102-238.131 8.806-238.131 224.717zM481.946 747.622c4.506 71.987-57.088 125.082-149.606 131.789-93.952 6.912-171.264-35.379-175.77-107.315-2.202-34.611 13.005-68.403 42.752-95.386 30.157-27.29 71.578-44.186 116.634-47.514 5.325-0.307 10.598-0.614 15.872-0.614 86.989 0.051 145.869 51.149 150.118 119.040zM420.454 236.851c23.091 81.306-11.776 166.195-67.379 181.914-6.4 1.792-12.954 2.662-19.661 2.662-50.893 0-101.325-51.507-120.064-122.522-10.445-39.731-9.574-74.65 2.406-108.134 11.725-33.024 32.922-55.194 59.546-62.72 6.4-1.792 13.005-2.714 19.712-2.714 61.44 0 100.966 25.498 125.44 111.514zM819.2 409.6v-153.6h-102.4v153.6h-153.6v102.4h153.6v153.6h102.4v-153.6h153.6v-102.4h-153.6z"
        ],
        "attrs": [
          {}
        ],
        "isMulticolor": false,
        "isMulticolor2": false,
        "tags": [
          "google+"
        ],
        "grid": 20
      },
      "attrs": [
        {}
      ],
      "properties": {
        "order": 1,
        "id": 0,
        "name": "google+",
        "prevSize": 20
      },
      "setIdx": 0,
      "setId": 3,
      "iconIdx": 0
    },
    {
      "icon": {
        "paths": [
          "M768 512h-384v128c0 70.688 57.312 128 128 128h256c70.688 0 128 57.312 128 128s-57.312 128-128 128h-256c-212.064 0-384-171.936-384-384v-512c0-70.688 57.312-128 128-128s128 57.312 128 128v128h384c70.688 0 128 57.312 128 128s-57.312 128-128 128z"
        ],
        "attrs": [
          {}
        ],
        "isMulticolor": false,
        "isMulticolor2": false,
        "tags": [
          "twitter",
          "social"
        ],
        "grid": 16
      },
      "attrs": [
        {}
      ],
      "properties": {
        "order": 20,
        "id": 0,
        "name": "twitter, social",
        "prevSize": 32
      },
      "setIdx": 1,
      "setId": 2,
      "iconIdx": 0
    },
    {
      "icon": {
        "paths": [
          "M608 192h160v-192h-160c-123.514 0-224 100.486-224 224v96h-128v192h128v512h192v-512h160l32-192h-192v-96c0-17.346 14.654-32 32-32z"
        ],
        "tags": [
          "facebook",
          "brand",
          "social"
        ],
        "defaultCode": 60048,
        "grid": 16,
        "attrs": []
      },
      "attrs": [],
      "properties": {
        "ligatures": "facebook, brand10",
        "name": "facebook",
        "order": 18,
        "id": 401,
        "prevSize": 32
      },
      "setIdx": 2,
      "setId": 1,
      "iconIdx": 400
    }
  ],
  "height": 1024,
  "preferences": {
    "showGlyphs": true,
    "showQuickUse": true,
    "showQuickUse2": true,
    "showSVGs": true,
    "fontPref": {
      "prefix": "icon-",
      "metadata": {
        "fontFamily": "icomoon"
      },
      "metrics": {
        "emSize": 1024,
        "baseline": 6.25,
        "whitespace": 50
      },
      "embed": false
    },
    "imagePref": {
      "prefix": "icon-",
      "png": true,
      "useClassSelector": true,
      "color": 16777215,
      "bgColor": 16777215,
      "classSelector": ".icon",
      "height": 32,
      "columns": 16,
      "margin": 16,
      "overrideSize": "true"
    },
    "historySize": 100,
    "showCodes": true,
    "gridSize": 16
  }
}