{
  "IcoMoonType": "selection",
  "icons": [
    {
      "icon": {
        "paths": [
          "M672 798.384v0 0c19.795-20.201 32-47.867 32-78.384 0-61.856-50.144-112-112-112s-112 50.144-112 112c0 30.517 12.205 58.183 32 78.384v33.616h-256.001c-17.448 0-31.999-14.262-31.999-31.855v-736.291c0-17.286 14.264-31.855 31.858-31.855h320.142v159.811c0 35.82 28.624 64.189 63.933 64.189h128.067v544.211c0 17.55-14.326 31.789-31.999 31.789h-64.001v-33.616zM544 821.222v0 0c14.548 6.911 30.822 10.778 48 10.778s33.452-3.867 48-10.778v125.977l-48-47.999-48 47.999v-125.977zM672 864h64.082c35.301 0 63.918-28.743 63.918-63.705v-576.295l-192-224h-351.912c-35.395 0-64.088 28.747-64.088 64.235v735.531c0 35.476 28.51 64.235 63.918 64.235h256.082v160l80-80 80 80v-160zM608 48l150.398 176h-118.503c-17.475 0-31.896-14.453-31.896-32.281v-143.719zM288 224v32h224v-32h-224zM288 128v32h224v-32h-224zM288 320v32h416v-32h-416zM288 416v32h416v-32h-416zM288 512v32h416v-32h-416zM592 800v0c-44.183 0-80-35.817-80-80s35.817-80 80-80c44.183 0 80 35.817 80 80s-35.817 80-80 80z"
        ],
        "attrs": [
          {}
        ],
        "isMulticolor": false,
        "isMulticolor2": false,
        "tags": [
          "document-certificate"
        ],
        "grid": 32
      },
      "attrs": [
        {}
      ],
      "properties": {
        "order": 1,
        "id": 0,
        "name": "document-certificate",
        "prevSize": 32
      },
      "setIdx": 0,
      "setId": 6,
      "iconIdx": 0
    },
    {
      "icon": {
        "paths": [
          "M512 128l470 256v342h-86v-296l-384 210-470-256zM214 562l298 164 298-164v172l-298 162-298-162v-172z"
        ],
        "attrs": [
          {}
        ],
        "isMulticolor": false,
        "isMulticolor2": false,
        "tags": [
          "school"
        ],
        "grid": 24
      },
      "attrs": [
        {}
      ],
      "properties": {
        "order": 1,
        "id": 0,
        "name": "school",
        "prevSize": 24
      },
      "setIdx": 1,
      "setId": 5,
      "iconIdx": 0
    },
    {
      "icon": {
        "paths": [
          "M0 616.192l321.344 206.624v-149.152l-191.328-118.144 191.328-118.144v-150.176l-321.344 207.68v121.312zM389.312 896h110.592l162.048-768h-111.328l-161.312 768zM702.688 287.2v150.176l191.264 118.144-191.264 118.112v149.152l321.312-206.592v-121.312l-321.312-207.68z"
        ],
        "attrs": [
          {}
        ],
        "isMulticolor": false,
        "isMulticolor2": false,
        "tags": [
          "code",
          "embed"
        ],
        "grid": 16
      },
      "attrs": [
        {}
      ],
      "properties": {
        "order": 1,
        "id": 2,
        "name": "code, embed",
        "prevSize": 32
      },
      "setIdx": 4,
      "setId": 2,
      "iconIdx": 0
    },
    {
      "icon": {
        "paths": [
          "M68.032 38.016c40.896-40.992 164.512-47.84 165.44-26.144 0.928 21.664 111.328 262.112 112.288 283.808 0.96 21.664-72.768 95.584-94.336 117.216-21.376 21.408 144.256 209.056 147.392 212.608 3.52 3.168 190.72 169.184 212.096 147.744 21.568-21.632 95.328-95.52 116.896-94.56 21.632 0.928 261.536 111.584 283.168 112.576 21.632 0.928 14.816 124.8-26.080 165.824-34.976 35.040-216.064 162.272-530.944-64.928-34.528-19.904-89.216-65.568-172.16-148.672-0.032-0.032-0.096-0.096-0.16-0.128-0.064-0.096-0.128-0.128-0.192-0.192s-0.128-0.128-0.192-0.192c-0.032-0.064-0.096-0.128-0.128-0.16-82.88-83.136-128.448-137.984-148.32-172.576-226.656-315.648-99.712-497.184-64.768-532.224z"
        ],
        "attrs": [
          {}
        ],
        "isMulticolor": false,
        "isMulticolor2": false,
        "tags": [
          "phone",
          "contact"
        ],
        "grid": 16
      },
      "attrs": [
        {}
      ],
      "properties": {
        "order": 1,
        "id": 1,
        "name": "phone, contact",
        "prevSize": 32
      },
      "setIdx": 4,
      "setId": 2,
      "iconIdx": 1
    },
    {
      "icon": {
        "paths": [
          "M0 64v640h1024v-640h-1024zM960 640h-896v-512h896v512zM672 768h-320l-32 128-64 64h512l-64-64z"
        ],
        "tags": [
          "display",
          "screen",
          "monitor",
          "computer",
          "desktop",
          "pc"
        ],
        "defaultCode": 59734,
        "grid": 16,
        "attrs": []
      },
      "attrs": [],
      "properties": {
        "ligatures": "display, screen",
        "name": "display",
        "order": 45,
        "id": 87,
        "prevSize": 32
      },
      "setIdx": 5,
      "setId": 1,
      "iconIdx": 86
    },
    {
      "icon": {
        "paths": [
          "M576 706.612v-52.78c70.498-39.728 128-138.772 128-237.832 0-159.058 0-288-192-288s-192 128.942-192 288c0 99.060 57.502 198.104 128 237.832v52.78c-217.102 17.748-384 124.42-384 253.388h896c0-128.968-166.898-235.64-384-253.388z"
        ],
        "tags": [
          "user",
          "profile",
          "avatar",
          "person",
          "member"
        ],
        "defaultCode": 59761,
        "grid": 16,
        "attrs": []
      },
      "attrs": [],
      "properties": {
        "ligatures": "user, profile2",
        "name": "user",
        "order": 44,
        "id": 114,
        "prevSize": 32
      },
      "setIdx": 5,
      "setId": 1,
      "iconIdx": 113
    },
    {
      "icon": {
        "width": 1152,
        "paths": [
          "M768 770.612v-52.78c70.498-39.728 128-138.772 128-237.832 0-159.058 0-288-192-288s-192 128.942-192 288c0 99.060 57.502 198.104 128 237.832v52.78c-217.102 17.748-384 124.42-384 253.388h896c0-128.968-166.898-235.64-384-253.388z",
          "M327.196 795.328c55.31-36.15 124.080-63.636 199.788-80.414-15.054-17.784-28.708-37.622-40.492-59.020-30.414-55.234-46.492-116.058-46.492-175.894 0-86.042 0-167.31 30.6-233.762 29.706-64.504 83.128-104.496 159.222-119.488-16.914-76.48-61.94-126.75-181.822-126.75-192 0-192 128.942-192 288 0 99.060 57.502 198.104 128 237.832v52.78c-217.102 17.748-384 124.42-384 253.388h279.006c14.518-12.91 30.596-25.172 48.19-36.672z"
        ],
        "tags": [
          "users",
          "group",
          "team",
          "members",
          "community",
          "collaborate"
        ],
        "defaultCode": 59762,
        "grid": 16,
        "attrs": []
      },
      "attrs": [],
      "properties": {
        "ligatures": "users, group",
        "name": "users",
        "order": 43,
        "id": 115,
        "prevSize": 32
      },
      "setIdx": 5,
      "setId": 1,
      "iconIdx": 114
    }
  ],
  "height": 1024,
  "preferences": {
    "showGlyphs": true,
    "showQuickUse": true,
    "showQuickUse2": true,
    "showSVGs": true,
    "fontPref": {
      "prefix": "icon-",
      "metadata": {
        "fontFamily": "icomoon"
      },
      "metrics": {
        "emSize": 1024,
        "baseline": 6.25,
        "whitespace": 50
      },
      "embed": false
    },
    "imagePref": {
      "prefix": "icon-",
      "png": true,
      "useClassSelector": true,
      "color": 13369344,
      "bgColor": 16777215,
      "classSelector": ".icon",
      "height": 40,
      "columns": 16,
      "margin": 16,
      "overrideSize": true
    },
    "historySize": 100,
    "showCodes": true,
    "gridSize": 16
  }
}